score,coverage,risk_mean,risk_std,seeds
max_probability,0.009996,0.0,0.0,5
max_probability,0.020004,0.0,0.0,5
max_probability,0.03,0.0,0.0,5
max_probability,0.039997,0.0,0.0,5
max_probability,0.050005,0.0,0.0,5
max_probability,0.060001,0.0,0.0,5
max_probability,0.069997,0.0,0.0,5
max_probability,0.080005,0.0,0.0,5
max_probability,0.090001,0.0,0.0,5
max_probability,0.099998,0.0,0.0,5
max_probability,0.110006,0.0,0.0,5
max_probability,0.120002,0.0,0.0,5
max_probability,0.129998,0.0,0.0,5
max_probability,0.139994,0.0,0.0,5
max_probability,0.150002,0.0,0.0,5
max_probability,0.159999,0.0,0.0,5
max_probability,0.169995,0.0,0.0,5
max_probability,0.180003,0.0,0.0,5
max_probability,0.189999,0.0,0.0,5
max_probability,0.199995,0.0,0.0,5
max_probability,0.210003,0.0,0.0,5
max_probability,0.22,0.0,0.0,5
max_probability,0.229996,0.0,0.0,5
max_probability,0.240004,0.0,0.0,5
max_probability,0.25,0.0,0.0,5
max_probability,0.259996,0.0,0.0,5
max_probability,0.270004,0.0,0.0,5
max_probability,0.28,0.0,0.0,5
max_probability,0.289997,0.0,0.0,5
max_probability,0.300005,0.0,0.0,5
max_probability,0.310001,0.0,0.0,5
max_probability,0.319997,0.0,0.0,5
max_probability,0.330005,0.0,0.0,5
max_probability,0.340001,0.0,0.0,5
max_probability,0.349998,0.0,0.0,5
max_probability,0.360006,0.0,0.0,5
max_probability,0.370002,0.0,0.0,5
max_probability,0.379998,0.0,0.0,5
max_probability,0.389994,1.2e-05,2.5e-05,5
max_probability,0.400002,1.2e-05,2.4e-05,5
max_probability,0.409999,1.2e-05,2.4e-05,5
max_probability,0.419995,1.2e-05,2.3e-05,5
max_probability,0.430003,1.7e-05,2.3e-05,5
max_probability,0.439999,4.4e-05,3.7e-05,5
max_probability,0.449995,4.3e-05,3.7e-05,5
max_probability,0.460003,5.8e-05,4.2e-05,5
max_probability,0.47,0.000134,5e-05,5
max_probability,0.479996,0.000172,3.4e-05,5
max_probability,0.490004,0.000357,8.1e-05,5
max_probability,0.5,0.000836,0.000214,5
max_probability,0.509996,0.001753,0.000767,5
max_probability,0.520004,0.003681,0.001726,5
max_probability,0.53,0.005693,0.002295,5
max_probability,0.539997,0.009069,0.002098,5
max_probability,0.550005,0.013003,0.00235,5
max_probability,0.560001,0.017325,0.002154,5
max_probability,0.569997,0.021309,0.002075,5
max_probability,0.580005,0.025724,0.00215,5
max_probability,0.590001,0.030427,0.00215,5
max_probability,0.599998,0.035329,0.002007,5
max_probability,0.610006,0.040519,0.001644,5
max_probability,0.620002,0.046107,0.001718,5
max_probability,0.629998,0.051946,0.001525,5
max_probability,0.639994,0.057314,0.001562,5
max_probability,0.650002,0.062658,0.001322,5
max_probability,0.659999,0.068466,0.001366,5
max_probability,0.669995,0.074192,0.001498,5
max_probability,0.680003,0.079863,0.001726,5
max_probability,0.689999,0.085321,0.001637,5
max_probability,0.699995,0.091158,0.001773,5
max_probability,0.710003,0.096657,0.001828,5
max_probability,0.72,0.102451,0.001812,5
max_probability,0.729996,0.108176,0.001785,5
max_probability,0.740004,0.113928,0.001795,5
max_probability,0.75,0.119289,0.001823,5
max_probability,0.759996,0.124391,0.00196,5
max_probability,0.770004,0.129428,0.001876,5
max_probability,0.78,0.134561,0.001878,5
max_probability,0.789997,0.139596,0.001735,5
max_probability,0.800005,0.144818,0.001676,5
max_probability,0.810001,0.149575,0.001533,5
max_probability,0.819997,0.154621,0.001755,5
max_probability,0.830005,0.159371,0.001828,5
max_probability,0.840001,0.164146,0.001745,5
max_probability,0.849998,0.168912,0.001408,5
max_probability,0.860006,0.173341,0.0016,5
max_probability,0.870002,0.177861,0.001694,5
max_probability,0.879998,0.182325,0.001688,5
max_probability,0.889994,0.187062,0.001848,5
max_probability,0.900002,0.191552,0.001978,5
max_probability,0.909999,0.196703,0.001869,5
max_probability,0.919995,0.202155,0.001948,5
max_probability,0.930003,0.207366,0.001954,5
max_probability,0.939999,0.212118,0.001861,5
max_probability,0.949995,0.217017,0.001771,5
max_probability,0.960003,0.221936,0.001546,5
max_probability,0.97,0.226826,0.001532,5
max_probability,0.979996,0.23178,0.00157,5
max_probability,0.990004,0.23682,0.001745,5
max_probability,1.0,0.241792,0.001717,5
calibrated_max_probability,0.009996,0.0,0.0,5
calibrated_max_probability,0.020004,0.0,0.0,5
calibrated_max_probability,0.03,0.0,0.0,5
calibrated_max_probability,0.039997,0.0,0.0,5
calibrated_max_probability,0.050005,0.0,0.0,5
calibrated_max_probability,0.060001,0.0,0.0,5
calibrated_max_probability,0.069997,0.0,0.0,5
calibrated_max_probability,0.080005,0.0,0.0,5
calibrated_max_probability,0.090001,0.0,0.0,5
calibrated_max_probability,0.099998,0.0,0.0,5
calibrated_max_probability,0.110006,0.0,0.0,5
calibrated_max_probability,0.120002,0.0,0.0,5
calibrated_max_probability,0.129998,0.0,0.0,5
calibrated_max_probability,0.139994,0.0,0.0,5
calibrated_max_probability,0.150002,0.0,0.0,5
calibrated_max_probability,0.159999,0.0,0.0,5
calibrated_max_probability,0.169995,0.0,0.0,5
calibrated_max_probability,0.180003,0.0,0.0,5
calibrated_max_probability,0.189999,0.0,0.0,5
calibrated_max_probability,0.199995,0.0,0.0,5
calibrated_max_probability,0.210003,0.0,0.0,5
calibrated_max_probability,0.22,0.0,0.0,5
calibrated_max_probability,0.229996,0.0,0.0,5
calibrated_max_probability,0.240004,0.0,0.0,5
calibrated_max_probability,0.25,0.0,0.0,5
calibrated_max_probability,0.259996,0.0,0.0,5
calibrated_max_probability,0.270004,0.0,0.0,5
calibrated_max_probability,0.28,0.0,0.0,5
calibrated_max_probability,0.289997,0.0,0.0,5
calibrated_max_probability,0.300005,0.0,0.0,5
calibrated_max_probability,0.310001,0.0,0.0,5
calibrated_max_probability,0.319997,0.0,0.0,5
calibrated_max_probability,0.330005,0.0,0.0,5
calibrated_max_probability,0.340001,7e-06,1.4e-05,5
calibrated_max_probability,0.349998,4.2e-05,5.6e-05,5
calibrated_max_probability,0.360006,5.4e-05,7.9e-05,5
calibrated_max_probability,0.370002,5.3e-05,7.7e-05,5
calibrated_max_probability,0.379998,5.1e-05,7.5e-05,5
calibrated_max_probability,0.389994,5e-05,7.3e-05,5
calibrated_max_probability,0.400002,4.9e-05,7.1e-05,5
calibrated_max_probability,0.409999,4.7e-05,6.9e-05,5
calibrated_max_probability,0.419995,4.6e-05,6.7e-05,5
calibrated_max_probability,0.430003,7.9e-05,7.7e-05,5
calibrated_max_probability,0.439999,0.000105,6.4e-05,5
calibrated_max_probability,0.449995,0.000124,7.2e-05,5
calibrated_max_probability,0.460003,0.000137,9.4e-05,5
calibrated_max_probability,0.47,0.000171,0.000113,5
calibrated_max_probability,0.479996,0.000258,9.9e-05,5
calibrated_max_probability,0.490004,0.000461,0.000152,5
calibrated_max_probability,0.5,0.001015,0.000336,5
calibrated_max_probability,0.509996,0.002463,0.000977,5
calibrated_max_probability,0.520004,0.004424,0.001586,5
calibrated_max_probability,0.53,0.007173,0.002644,5
calibrated_max_probability,0.539997,0.009541,0.002972,5
calibrated_max_probability,0.550005,0.013921,0.003083,5
calibrated_max_probability,0.560001,0.017911,0.002471,5
calibrated_max_probability,0.569997,0.021117,0.002479,5
calibrated_max_probability,0.580005,0.025439,0.002098,5
calibrated_max_probability,0.590001,0.030571,0.002022,5
calibrated_max_probability,0.599998,0.036163,0.002774,5
calibrated_max_probability,0.610006,0.041658,0.002653,5
calibrated_max_probability,0.620002,0.046331,0.002681,5
calibrated_max_probability,0.629998,0.051561,0.001971,5
calibrated_max_probability,0.639994,0.057352,0.002017,5
calibrated_max_probability,0.650002,0.063271,0.002449,5
calibrated_max_probability,0.659999,0.069814,0.002207,5
calibrated_max_probability,0.669995,0.075737,0.002719,5
calibrated_max_probability,0.680003,0.080602,0.002448,5
calibrated_max_probability,0.689999,0.085018,0.00349,5
calibrated_max_probability,0.699995,0.090176,0.003635,5
calibrated_max_probability,0.710003,0.096835,0.00398,5
calibrated_max_probability,0.72,0.101621,0.004297,5
calibrated_max_probability,0.729996,0.106798,0.002709,5
calibrated_max_probability,0.740004,0.112481,0.002583,5
calibrated_max_probability,0.75,0.118823,0.002662,5
calibrated_max_probability,0.759996,0.124378,0.00204,5
calibrated_max_probability,0.770004,0.128658,0.001525,5
calibrated_max_probability,0.78,0.13364,0.002176,5
calibrated_max_probability,0.789997,0.13844,0.002663,5
calibrated_max_probability,0.800005,0.143585,0.003263,5
calibrated_max_probability,0.810001,0.149341,0.003005,5
calibrated_max_probability,0.819997,0.153866,0.00307,5
calibrated_max_probability,0.830005,0.157668,0.003392,5
calibrated_max_probability,0.840001,0.16266,0.003191,5
calibrated_max_probability,0.849998,0.167889,0.002284,5
calibrated_max_probability,0.860006,0.173005,0.00145,5
calibrated_max_probability,0.870002,0.177537,0.000687,5
calibrated_max_probability,0.879998,0.182206,0.001049,5
calibrated_max_probability,0.889994,0.187245,0.001155,5
calibrated_max_probability,0.900002,0.192291,0.00155,5
calibrated_max_probability,0.909999,0.197389,0.001609,5
calibrated_max_probability,0.919995,0.202205,0.001601,5
calibrated_max_probability,0.930003,0.206875,0.001757,5
calibrated_max_probability,0.939999,0.21182,0.001881,5
calibrated_max_probability,0.949995,0.216746,0.001812,5
calibrated_max_probability,0.960003,0.221847,0.001715,5
calibrated_max_probability,0.97,0.226714,0.001917,5
calibrated_max_probability,0.979996,0.231855,0.001748,5
calibrated_max_probability,0.990004,0.236796,0.001665,5
calibrated_max_probability,1.0,0.241792,0.001717,5
