seed,threshold,within_analysis_pairs_at_or_above,within_analysis_share,across_analysis_pairs_at_or_above,across_analysis_share
42,0.3,452,0.741,29,0.7838
42,0.35,360,0.5902,25,0.6757
42,0.4,265,0.4344,21,0.5676
42,0.45,210,0.3443,17,0.4595
42,0.5,182,0.2984,16,0.4324
42,0.55,166,0.2721,16,0.4324
42,0.6,159,0.2607,15,0.4054
42,0.65,157,0.2574,15,0.4054
42,0.7,152,0.2492,15,0.4054
42,0.75,147,0.241,14,0.3784
42,0.8,142,0.2328,12,0.3243
42,0.85,141,0.2311,12,0.3243
42,0.9,137,0.2246,12,0.3243
42,0.95,133,0.218,10,0.2703
