seed,convergence_threshold,arm,situations_scored,named_hypotheses,named_recurring,recurrence_rate,max_dominant_iterations,analyses_terminated,converged,convergence_fraction,mean_iterations_to_termination,max_convergence,dominant_iterations_distribution,abstention_rate,appropriate_abstention_rate,inappropriate_abstention_rate,premature_convergence_rate,sparse_abstention_rate,sparse_appropriate_abstention_rate,sparse_inappropriate_abstention_rate,sparse_premature_convergence_rate,unknown_attack_abstention_rate,unknown_attack_appropriate_abstention_rate,unknown_attack_inappropriate_abstention_rate,unknown_attack_premature_convergence_rate
42,0.3,repair,66,7664,1558,0.2033,3,963,146,0.1516,2.8951,0.425,"{""0"": 300, ""1"": 328, ""2"": 250, ""3"": 85}",0.197,0.2826,0.0,0.5,1.0,1.0,0.0,0.0,0.0,0.0,0.0,1.0
42,0.3,baseline,66,10068,0,0.0,1,963,0,0.0,3,0.29,"{""0"": 300, ""1"": 663}",0.197,0.2826,0.0,0.5,1.0,1.0,0.0,0.0,0.0,0.0,0.0,1.0
123,0.3,repair,66,7753,1568,0.2022,3,963,153,0.1589,2.9117,0.485,"{""0"": 294, ""1"": 321, ""2"": 231, ""3"": 117}",0.1515,0.2174,0.0,0.5455,1.0,1.0,0.0,0.0,0.0,0.0,0.0,1.0
123,0.3,baseline,66,10117,0,0.0,1,963,0,0.0,3,0.29,"{""0"": 294, ""1"": 669}",0.1515,0.2174,0.0,0.5455,1.0,1.0,0.0,0.0,0.0,0.0,0.0,1.0
456,0.3,repair,66,7607,1595,0.2097,3,963,152,0.1578,2.8941,0.425,"{""0"": 300, ""1"": 313, ""2"": 236, ""3"": 114}",0.1818,0.2609,0.0,0.5152,1.0,1.0,0.0,0.0,0.0,0.0,0.0,1.0
456,0.3,baseline,66,10072,0,0.0,1,963,0,0.0,3,0.29,"{""0"": 300, ""1"": 663}",0.1667,0.2391,0.0,0.5303,1.0,1.0,0.0,0.0,0.0,0.0,0.0,1.0
789,0.3,repair,66,7658,1572,0.2053,3,963,158,0.1641,2.9013,0.485,"{""0"": 287, ""1"": 331, ""2"": 233, ""3"": 112}",0.197,0.2609,0.05,0.5152,1.0,1.0,0.0,0.0,0.0,0.0,0.0,1.0
789,0.3,baseline,66,10106,0,0.0,1,963,0,0.0,3,0.29,"{""0"": 287, ""1"": 676}",0.197,0.2609,0.05,0.5152,1.0,1.0,0.0,0.0,0.0,0.0,0.0,1.0
1024,0.3,repair,66,7756,1565,0.2018,3,963,138,0.1433,2.9076,0.445,"{""0"": 295, ""1"": 337, ""2"": 236, ""3"": 95}",0.197,0.2826,0.0,0.5,1.0,1.0,0.0,0.0,0.0625,0.0625,0.0,0.9375
1024,0.3,baseline,66,10138,0,0.0,1,963,0,0.0,3,0.29,"{""0"": 295, ""1"": 668}",0.197,0.2826,0.0,0.5,1.0,1.0,0.0,0.0,0.0625,0.0625,0.0,0.9375
42,0.5,repair,66,7911,1591,0.2011,3,963,0,0.0,3,0.445,"{""0"": 300, ""1"": 375, ""2"": 149, ""3"": 139}",0.197,0.2826,0.0,0.5,1.0,1.0,0.0,0.0,0.0,0.0,0.0,1.0
42,0.5,baseline,66,10068,0,0.0,1,963,0,0.0,3,0.445,"{""0"": 300, ""1"": 663}",0.197,0.2826,0.0,0.5,1.0,1.0,0.0,0.0,0.0,0.0,0.0,1.0
123,0.5,repair,66,7961,1604,0.2015,3,963,0,0.0,3,0.485,"{""0"": 294, ""1"": 366, ""2"": 146, ""3"": 157}",0.1515,0.2174,0.0,0.5455,1.0,1.0,0.0,0.0,0.0,0.0,0.0,1.0
123,0.5,baseline,66,10117,0,0.0,1,963,0,0.0,3,0.485,"{""0"": 294, ""1"": 669}",0.1515,0.2174,0.0,0.5455,1.0,1.0,0.0,0.0,0.0,0.0,0.0,1.0
456,0.5,repair,66,7852,1632,0.2078,3,963,0,0.0,3,0.45,"{""0"": 300, ""1"": 357, ""2"": 134, ""3"": 172}",0.1667,0.2391,0.0,0.5303,1.0,1.0,0.0,0.0,0.0,0.0,0.0,1.0
456,0.5,baseline,66,10072,0,0.0,1,963,0,0.0,3,0.45,"{""0"": 300, ""1"": 663}",0.1667,0.2391,0.0,0.5303,1.0,1.0,0.0,0.0,0.0,0.0,0.0,1.0
789,0.5,repair,66,7910,1606,0.203,3,963,0,0.0,3,0.485,"{""0"": 287, ""1"": 383, ""2"": 138, ""3"": 155}",0.197,0.2609,0.05,0.5152,1.0,1.0,0.0,0.0,0.0,0.0,0.0,1.0
789,0.5,baseline,66,10106,0,0.0,1,963,0,0.0,3,0.485,"{""0"": 287, ""1"": 676}",0.197,0.2609,0.05,0.5152,1.0,1.0,0.0,0.0,0.0,0.0,0.0,1.0
1024,0.5,repair,66,7971,1602,0.201,3,963,0,0.0,3,0.445,"{""0"": 295, ""1"": 378, ""2"": 147, ""3"": 143}",0.197,0.2826,0.0,0.5,1.0,1.0,0.0,0.0,0.0625,0.0625,0.0,0.9375
1024,0.5,baseline,66,10138,0,0.0,1,963,0,0.0,3,0.445,"{""0"": 295, ""1"": 668}",0.197,0.2826,0.0,0.5,1.0,1.0,0.0,0.0,0.0625,0.0625,0.0,0.9375
42,0.8,repair,66,7911,1591,0.2011,3,963,0,0.0,3,0.445,"{""0"": 300, ""1"": 375, ""2"": 149, ""3"": 139}",0.197,0.2826,0.0,0.5,1.0,1.0,0.0,0.0,0.0,0.0,0.0,1.0
42,0.8,baseline,66,10068,0,0.0,1,963,0,0.0,3,0.445,"{""0"": 300, ""1"": 663}",0.197,0.2826,0.0,0.5,1.0,1.0,0.0,0.0,0.0,0.0,0.0,1.0
123,0.8,repair,66,7961,1604,0.2015,3,963,0,0.0,3,0.485,"{""0"": 294, ""1"": 366, ""2"": 146, ""3"": 157}",0.1515,0.2174,0.0,0.5455,1.0,1.0,0.0,0.0,0.0,0.0,0.0,1.0
123,0.8,baseline,66,10117,0,0.0,1,963,0,0.0,3,0.485,"{""0"": 294, ""1"": 669}",0.1515,0.2174,0.0,0.5455,1.0,1.0,0.0,0.0,0.0,0.0,0.0,1.0
456,0.8,repair,66,7852,1632,0.2078,3,963,0,0.0,3,0.45,"{""0"": 300, ""1"": 357, ""2"": 134, ""3"": 172}",0.1667,0.2391,0.0,0.5303,1.0,1.0,0.0,0.0,0.0,0.0,0.0,1.0
456,0.8,baseline,66,10072,0,0.0,1,963,0,0.0,3,0.45,"{""0"": 300, ""1"": 663}",0.1667,0.2391,0.0,0.5303,1.0,1.0,0.0,0.0,0.0,0.0,0.0,1.0
789,0.8,repair,66,7910,1606,0.203,3,963,0,0.0,3,0.485,"{""0"": 287, ""1"": 383, ""2"": 138, ""3"": 155}",0.197,0.2609,0.05,0.5152,1.0,1.0,0.0,0.0,0.0,0.0,0.0,1.0
789,0.8,baseline,66,10106,0,0.0,1,963,0,0.0,3,0.485,"{""0"": 287, ""1"": 676}",0.197,0.2609,0.05,0.5152,1.0,1.0,0.0,0.0,0.0,0.0,0.0,1.0
1024,0.8,repair,66,7971,1602,0.201,3,963,0,0.0,3,0.445,"{""0"": 295, ""1"": 378, ""2"": 147, ""3"": 143}",0.197,0.2826,0.0,0.5,1.0,1.0,0.0,0.0,0.0625,0.0625,0.0,0.9375
1024,0.8,baseline,66,10138,0,0.0,1,963,0,0.0,3,0.445,"{""0"": 295, ""1"": 668}",0.197,0.2826,0.0,0.5,1.0,1.0,0.0,0.0,0.0625,0.0625,0.0,0.9375
