seed,pair,situation_id,iterations,identical_text,verdict,note,texts
42,1,f2f440b3-91fd-42d2-a483-009df20a416c,"[1, 2, 3]",False,same hypothesis restated,"internal compromise, escalating, refined to name C2 or exfiltration","[""Internal compromised host exhibiting anomalous and escalating outbound activity."", ""Multiple internal compromised hosts exhibiting escalating anomalous activity."", ""Internal compromised hosts initiating escalating anomalous C2 or data exfiltration.""]"
42,2,fed36dfc-bfb4-42ed-8762-b2fb2e159850,"[2, 3]",False,same hypothesis restated,,"[""Low-intensity probing or reconnaissance from multiple sources."", ""Low-intensity probing or reconnaissance from multiple distinct sources.""]"
42,3,1b575420-688f-4672-ad43-fc7a652387a3,"[1, 2]",True,same hypothesis restated,,"[""Short, unsuccessful probing or reconnaissance attempt."", ""Short, unsuccessful probing or reconnaissance attempt.""]"
42,4,0f704e18-d355-49ec-8d4c-30b5ff622789,"[2, 3]",False,same hypothesis restated,,"[""Distributed internal reconnaissance or probing activity."", ""Distributed internal reconnaissance or probing.""]"
42,5,17f6d664-9399-4c9c-8722-67749265b88b,"[1, 2, 3]",False,same hypothesis restated,third restatement drops the compromise clause but keeps the subject,"[""Distributed anomalous activity potentially indicating an internal compromise."", ""Distributed anomalous activity indicating potential internal compromise."", ""Distributed anomalous activity across multiple internal systems.""]"
42,6,3b844fab-04bf-46b0-97e2-5b70052f8ad2,"[1, 2]",False,same hypothesis restated,,"[""Coordinated reconnaissance or probing activity from two distinct external sources."", ""Coordinated reconnaissance or probing activity from two external sources.""]"
42,7,f52dd8d4-3a0a-47ce-a451-e4b51a8ef63f,"[1, 2, 3]",False,same hypothesis restated,,"[""Brief, multi-source reconnaissance or probing activity."", ""Brief, multi-source reconnaissance activity concluding."", ""Brief, multi-source reconnaissance activity concluding.""]"
42,8,efadf320-4e44-4ecd-9570-08c5e6d6cdb1,"[1, 2]",False,same hypothesis restated,,"[""Internal system probing or attempted lateral movement."", ""Escalating internal system probing or lateral movement attempt.""]"
42,9,d65aa2c4-3220-4cc7-b813-f89d81944a2e,"[1, 2, 3]",False,same hypothesis restated,probing and reconnaissance are used interchangeably by the model,"[""Brief, multi-source reconnaissance activity concluded."", ""Brief, multi-source probing activity concluded."", ""Brief, multi-source reconnaissance activity concluded.""]"
42,10,0ade65d3-b282-4508-9649-2f9fb47c47ee,"[1, 2, 3]",False,same hypothesis restated,,"[""Multi-stage reconnaissance or probing activity concluding."", ""Multi-stage reconnaissance or probing activity from distinct sources deescalating."", ""Deescalating multi-stage reconnaissance or probing from diverse sources.""]"
42,11,b2f76054-184a-42eb-a64c-0f3e0490e94d,"[2, 3]",False,same hypothesis restated,,"[""Internal system compromise or misconfiguration causing escalating anomalous behavior."", ""Internal system misconfiguration or compromise causing escalating anomalous events.""]"
42,12,e61438c3-55a8-4f9d-b19f-830ef7485bf3,"[2, 3]",False,same hypothesis restated,,"[""Internal system compromise leading to escalating anomalous network activity."", ""Internal system compromise exhibiting escalating anomalous activity.""]"
42,13,604587d1-f081-44bf-983b-7dfe41951267,"[2, 3]",False,same hypothesis restated,"misconfiguration or minor bug in a distributed application, reworded","[""Persistent misconfiguration or minor bug in a distributed application."", ""Consistent event generation from a minor distributed application bug.""]"
42,14,029bfa02-7fea-4b19-905c-4fd75fafebdd,"[2, 3]",False,same hypothesis restated,,"[""Normal operational activity from diverse internal services."", ""Routine operational activity from multiple internal systems.""]"
42,15,401cf7cf-cf6a-40a5-9d2f-411a8310d96c,"[1, 2]",False,same hypothesis restated,,"[""Anomalous internal activity indicating potential lateral movement or compromise"", ""Anomalous internal activity indicating potential lateral movement or compromise between two hosts.""]"
42,16,aecdc9a6-c19f-4ef3-921d-1ebd82367a69,"[1, 2]",True,same hypothesis restated,,"[""Short-lived, unsuccessful attempt at unauthorized access."", ""Short-lived, unsuccessful attempt at unauthorized access.""]"
42,17,cd98a2ae-ec9e-43ee-b4e5-dce08329359a,"[1, 2]",False,same hypothesis restated,,"[""Persistent, low-volume reconnaissance or probing from two distinct sources."", ""Sustained, low-volume reconnaissance from two distinct sources.""]"
42,18,8dad3bae-9131-4b97-a98e-e1420bd72b1d,"[1, 2, 3]",False,same hypothesis restated,,"[""A single highly anomalous event was detected and immediately mitigated or blocked."", ""A single, highly anomalous event was detected and immediately mitigated or blocked."", ""A single, highly anomalous event was detected and immediately mitigated or blocked.""]"
42,19,2473c1e6-d3a4-4c2e-bd30-10ff24e5e3be,"[1, 2, 3]",False,same hypothesis restated,,"[""Coordinated reconnaissance or probing activity from multiple sources."", ""Coordinated reconnaissance or probing activity from multiple sources."", ""Escalating reconnaissance activity from multiple distinct sources.""]"
42,20,37c6e19a-3c2d-47d4-95db-6ec9a7e9d74e,"[1, 2]",False,same hypothesis restated,,"[""Routine automated system health checks or maintenance activity."", ""Automated system health checks or routine maintenance activity.""]"
42,21,8043c84e-40fb-4180-8371-3b888fd1192f,"[1, 2, 3]",False,same hypothesis restated,,"[""Automated activity generating anomalous events from two origins."", ""Automated process generating anomalous events from two origins."", ""Automated system process generating anomalous events from two linked components.""]"
42,22,b385dd47-be83-41d6-8c93-04817f08e002,"[1, 2]",False,same hypothesis restated,"BORDERLINE. Subject is unchanged, benign automated maintenance, but the severity flips from slightly anomalous to high anomaly. Counted as a match because the hypothesis is the same; a reader who counts it against leaves the result at 29 of 30, still above the bar","[""Routine system maintenance generating slightly anomalous logs"", ""Automated system health check generating high anomaly logs""]"
42,23,5c15a77f-2b11-40e6-8474-4ce532b0075b,"[2, 3]",False,same hypothesis restated,,"[""Brief, multi-source reconnaissance activity concluded."", ""Brief, multi-source external reconnaissance activity concluded.""]"
42,24,1dda67ca-afa9-45bb-a148-b398a97cb769,"[1, 2, 3]",False,same hypothesis restated,,"[""Initial reconnaissance or targeted probing from two distinct external sources."", ""Coordinated low-and-slow probing from two distinct external sources."", ""Coordinated reconnaissance or probing activity from two distinct external entities.""]"
42,25,61bc5f3c-366c-400a-acc4-c505943ee43d,"[2, 3]",True,same hypothesis restated,,"[""Coordinated external reconnaissance activity from diverse sources."", ""Coordinated external reconnaissance activity from diverse sources.""]"
42,26,5627fb13-ef9d-4051-8009-32b5938ec66e,"[2, 3]",False,same hypothesis restated,,"[""External reconnaissance activity escalating in bursts from diverse sources."", ""External probing or reconnaissance activity escalating from multiple sources.""]"
42,27,0ade65d3-b282-4508-9649-2f9fb47c47ee,"[2, 3]",False,same hypothesis restated,,"[""Coordinated external reconnaissance activity generating highly anomalous events."", ""Coordinated external reconnaissance activity from multiple sources.""]"
42,28,67cf7391-62d8-4155-aede-3dfcda68c593,"[1, 2, 3]",False,same hypothesis restated,"automated attack framework, exploiting to attempting to probing","[""Automated attack framework actively exploiting vulnerabilities"", ""Automated attack framework attempting to exploit vulnerabilities."", ""Automated attack framework actively probing and attempting exploitation.""]"
42,29,7ada87a4-bace-4dce-ab37-94b721b6a41a,"[1, 2]",False,same hypothesis restated,,"[""Completion of an unusual but legitimate automated task across multiple system components."", ""Completion of an unusual but legitimate automated system task.""]"
42,30,eba6b7cc-d350-4637-b0d7-668db459d634,"[2, 3]",False,same hypothesis restated,,"[""Persistent external reconnaissance from multiple sources"", ""Persistent external reconnaissance from multiple distinct sources.""]"
